dia,ocupacion_modulos,capacidad_ordinaria_K,capacidad_extra_K_ext,capacidad_total,modulos_extra_usados,holgura_yt,n_sesiones,pct_ocupacion,pct_ocupacion_total
1,68.0,720,120,840,0.0,0.0,4,9.4,8.1
2,97.0,720,120,840,0.0,0.0,6,13.5,11.5
3,14.0,720,120,840,0.0,0.0,1,1.9,1.7
4,86.0,720,120,840,0.0,0.0,6,11.9,10.2
5,30.0,720,120,840,0.0,0.0,2,4.2,3.6
6,119.0,720,120,840,0.0,0.0,7,16.5,14.2
7,15.0,720,120,840,0.0,0.0,1,2.1,1.8
8,92.0,720,120,840,0.0,0.0,6,12.8,11.0
9,128.0,720,120,840,0.0,0.0,8,17.8,15.2
10,78.0,720,120,840,0.0,0.0,5,10.8,9.3
11,43.0,720,120,840,0.0,0.0,3,6.0,5.1
12,51.0,720,120,840,0.0,0.0,3,7.1,6.1
13,36.0,720,120,840,0.0,0.0,3,5.0,4.3
14,97.0,720,120,840,0.0,0.0,5,13.5,11.5
15,93.0,720,120,840,0.0,0.0,5,12.9,11.1
16,76.0,720,120,840,0.0,0.0,5,10.6,9.0
17,76.0,720,120,840,0.0,0.0,5,10.6,9.0
18,141.0,720,120,840,0.0,0.0,9,19.6,16.8
19,78.0,720,120,840,0.0,0.0,5,10.8,9.3
20,171.0,720,120,840,0.0,0.0,11,23.8,20.4
21,72.0,720,120,840,0.0,0.0,4,10.0,8.6
22,211.0,720,120,840,0.0,0.0,13,29.3,25.1
23,195.0,720,120,840,0.0,0.0,12,27.1,23.2
24,104.0,720,120,840,0.0,0.0,7,14.4,12.4
25,220.0,720,120,840,0.0,0.0,13,30.6,26.2
26,90.0,720,120,840,0.0,0.0,6,12.5,10.7
27,164.0,720,120,840,0.0,0.0,10,22.8,19.5
28,192.0,720,120,840,0.0,0.0,12,26.7,22.9
29,216.0,720,120,840,0.0,0.0,15,30.0,25.7
30,142.0,720,120,840,0.0,0.0,9,19.7,16.9
31,168.0,720,120,840,0.0,0.0,11,23.3,20.0
32,205.0,720,120,840,0.0,0.0,13,28.5,24.4
33,134.0,720,120,840,0.0,0.0,9,18.6,16.0
34,240.0,720,120,840,0.0,0.0,16,33.3,28.6
35,169.0,720,120,840,0.0,0.0,9,23.5,20.1
36,218.0,720,120,840,0.0,0.0,13,30.3,26.0
37,195.0,720,120,840,0.0,0.0,13,27.1,23.2
38,195.0,720,120,840,0.0,0.0,13,27.1,23.2
39,146.0,720,120,840,0.0,0.0,9,20.3,17.4
40,170.0,720,120,840,0.0,0.0,10,23.6,20.2
41,170.0,720,120,840,0.0,0.0,11,23.6,20.2
42,151.0,720,120,840,0.0,0.0,9,21.0,18.0
43,265.0,720,120,840,0.0,0.0,16,36.8,31.5
44,309.0,720,120,840,0.0,0.0,19,42.9,36.8
45,140.0,720,120,840,0.0,0.0,9,19.4,16.7
46,344.0,720,120,840,0.0,0.0,21,47.8,41.0
47,176.0,720,120,840,0.0,0.0,11,24.4,21.0
48,385.0,720,120,840,0.0,0.0,24,53.5,45.8
49,222.0,720,120,840,0.0,0.0,14,30.8,26.4
50,374.0,720,120,840,0.0,0.0,25,51.9,44.5
51,324.0,720,120,840,0.0,0.0,21,45.0,38.6
52,254.0,720,120,840,0.0,0.0,17,35.3,30.2
53,193.0,720,120,840,0.0,0.0,12,26.8,23.0
54,170.0,720,120,840,0.0,0.0,12,23.6,20.2
55,217.0,720,120,840,0.0,0.0,14,30.1,25.8
56,288.0,720,120,840,0.0,0.0,16,40.0,34.3
57,243.0,720,120,840,0.0,0.0,14,33.8,28.9
58,227.0,720,120,840,0.0,0.0,15,31.5,27.0
59,201.0,720,120,840,0.0,0.0,13,27.9,23.9
60,267.0,720,120,840,0.0,0.0,16,37.1,31.8
61,271.0,720,120,840,0.0,0.0,18,37.6,32.3
62,397.0,720,120,840,0.0,0.0,26,55.1,47.3
63,165.0,720,120,840,0.0,0.0,10,22.9,19.6
64,415.0,720,120,840,0.0,0.0,26,57.6,49.4
65,439.0,720,120,840,0.0,0.0,27,61.0,52.3
66,344.0,720,120,840,0.0,0.0,21,47.8,41.0
67,424.0,720,120,840,0.0,0.0,26,58.9,50.5
68,258.0,720,120,840,0.0,0.0,16,35.8,30.7
69,415.0,720,120,840,0.0,0.0,27,57.6,49.4
70,381.0,720,120,840,0.0,0.0,24,52.9,45.4
71,385.0,720,120,840,0.0,0.0,26,53.5,45.8
72,385.0,720,120,840,0.0,0.0,25,53.5,45.8
73,305.0,720,120,840,0.0,0.0,20,42.4,36.3
74,334.0,720,120,840,0.0,0.0,21,46.4,39.8
75,371.0,720,120,840,0.0,0.0,27,51.5,44.2
76,414.0,720,120,840,0.0,0.0,27,57.5,49.3
77,373.0,720,120,840,0.0,0.0,20,51.8,44.4
78,354.0,720,120,840,0.0,0.0,21,49.2,42.1
79,263.0,720,120,840,0.0,0.0,17,36.5,31.3
80,420.0,720,120,840,0.0,0.0,26,58.3,50.0
81,263.0,720,120,840,0.0,0.0,16,36.5,31.3
82,285.0,720,120,840,0.0,0.0,18,39.6,33.9
83,339.0,720,120,840,0.0,0.0,23,47.1,40.4
84,316.0,720,120,840,0.0,0.0,19,43.9,37.6
85,359.0,720,120,840,0.0,0.0,22,49.9,42.7
86,543.0,720,120,840,0.0,0.0,34,75.4,64.6
87,359.0,720,120,840,0.0,0.0,21,49.9,42.7
88,515.0,720,120,840,0.0,0.0,32,71.5,61.3
89,503.0,720,120,840,0.0,0.0,32,69.9,59.9
90,594.0,720,120,840,0.0,0.0,37,82.5,70.7
91,432.0,720,120,840,0.0,0.0,27,60.0,51.4
92,492.0,720,120,840,0.0,0.0,33,68.3,58.6
93,521.0,720,120,840,0.0,0.0,32,72.4,62.0
94,475.0,720,120,840,0.0,0.0,31,66.0,56.5
95,290.0,720,120,840,0.0,0.0,18,40.3,34.5
96,398.0,720,120,840,0.0,0.0,28,55.3,47.4
97,274.0,720,120,840,0.0,0.0,18,38.1,32.6
98,494.0,720,120,840,0.0,0.0,28,68.6,58.8
99,334.0,720,120,840,0.0,0.0,20,46.4,39.8
100,387.0,720,120,840,0.0,0.0,25,53.8,46.1
101,425.0,720,120,840,0.0,0.0,26,59.0,50.6
102,419.0,720,120,840,0.0,0.0,26,58.2,49.9
103,538.0,720,120,840,0.0,0.0,34,74.7,64.0
104,518.0,720,120,840,0.0,0.0,34,71.9,61.7
105,365.0,720,120,840,0.0,0.0,23,50.7,43.5
106,574.0,720,120,840,0.0,0.0,35,79.7,68.3
107,615.0,720,120,840,0.0,0.0,38,85.4,73.2
108,524.0,720,120,840,0.0,0.0,32,72.8,62.4
109,498.0,720,120,840,0.0,0.0,30,69.2,59.3
110,462.0,720,120,840,0.0,0.0,28,64.2,55.0
111,528.0,720,120,840,0.0,0.0,33,73.3,62.9
112,544.0,720,120,840,0.0,0.0,33,75.6,64.8
113,491.0,720,120,840,0.0,0.0,32,68.2,58.5
114,586.0,720,120,840,0.0,0.0,36,81.4,69.8
115,501.0,720,120,840,0.0,0.0,33,69.6,59.6
116,500.0,720,120,840,0.0,0.0,32,69.4,59.5
117,548.0,720,120,840,0.0,0.0,38,76.1,65.2
118,557.0,720,120,840,0.0,0.0,36,77.4,66.3
119,572.0,720,120,840,0.0,0.0,34,79.4,68.1
120,575.0,720,120,840,0.0,0.0,35,79.9,68.5
121,509.0,720,120,840,0.0,0.0,33,70.7,60.6
122,518.0,720,120,840,0.0,0.0,32,71.9,61.7
123,377.0,720,120,840,0.0,0.0,23,52.4,44.9
124,511.0,720,120,840,0.0,0.0,31,71.0,60.8
125,446.0,720,120,840,0.0,0.0,29,61.9,53.1
126,497.0,720,120,840,0.0,0.0,31,69.0,59.2
127,475.0,720,120,840,0.0,0.0,29,66.0,56.5
128,658.0,720,120,840,0.0,0.0,41,91.4,78.3
129,613.0,720,120,840,0.0,0.0,38,85.1,73.0
130,709.0,720,120,840,0.0,0.0,44,98.5,84.4
131,627.0,720,120,840,0.0,0.0,40,87.1,74.6
132,700.0,720,120,840,0.0,0.0,45,97.2,83.3
133,554.0,720,120,840,0.0,0.0,34,76.9,66.0
134,691.0,720,120,840,0.0,0.0,44,96.0,82.3
135,625.0,720,120,840,0.0,0.0,39,86.8,74.4
136,563.0,720,120,840,0.0,0.0,37,78.2,67.0
137,421.0,720,120,840,0.0,0.0,27,58.5,50.1
138,554.0,720,120,840,0.0,0.0,36,76.9,66.0
139,434.0,720,120,840,0.0,0.0,28,60.3,51.7
140,679.0,720,120,840,0.0,0.0,41,94.3,80.8
141,516.0,720,120,840,0.0,0.0,31,71.7,61.4
142,531.0,720,120,840,0.0,0.0,34,73.8,63.2
143,627.0,720,120,840,0.0,0.0,39,87.1,74.6
144,586.0,720,120,840,0.0,0.0,37,81.4,69.8
145,694.0,720,120,840,0.0,0.0,44,96.4,82.6
146,599.0,720,120,840,0.0,0.0,39,83.2,71.3
147,477.0,720,120,840,0.0,0.0,31,66.2,56.8
148,630.0,720,120,840,0.0,0.0,39,87.5,75.0
149,681.0,720,120,840,0.0,0.0,42,94.6,81.1
150,697.0,720,120,840,0.0,0.0,43,96.8,83.0
151,521.0,720,120,840,0.0,0.0,33,72.4,62.0
152,579.0,720,120,840,0.0,0.0,36,80.4,68.9
153,594.0,720,120,840,0.0,0.0,39,82.5,70.7
154,639.0,720,120,840,0.0,0.0,40,88.8,76.1
155,533.0,720,120,840,0.0,0.0,34,74.0,63.5
156,604.0,720,120,840,0.0,0.0,37,83.9,71.9
157,661.0,720,120,840,0.0,0.0,43,91.8,78.7
158,593.0,720,120,840,0.0,0.0,38,82.4,70.6
159,692.0,720,120,840,0.0,0.0,45,96.1,82.4
160,652.0,720,120,840,0.0,0.0,42,90.6,77.6
161,614.0,720,120,840,0.0,0.0,38,85.3,73.1
162,654.0,720,120,840,0.0,0.0,40,90.8,77.9
163,649.0,720,120,840,0.0,0.0,41,90.1,77.3
164,668.0,720,120,840,0.0,0.0,42,92.8,79.5
165,450.0,720,120,840,0.0,0.0,29,62.5,53.6
166,585.0,720,120,840,0.0,0.0,36,81.2,69.6
167,474.0,720,120,840,0.0,0.0,31,65.8,56.4
168,572.0,720,120,840,0.0,0.0,36,79.4,68.1
169,552.0,720,120,840,0.0,0.0,34,76.7,65.7
170,656.0,720,120,840,0.0,0.0,41,91.1,78.1
171,720.0,720,120,840,0.0,0.0,44,100.0,85.7
172,714.0,720,120,840,0.0,0.0,45,99.2,85.0
173,631.0,720,120,840,0.0,0.0,40,87.6,75.1
174,706.0,720,120,840,0.0,0.0,46,98.1,84.0
175,650.0,720,120,840,0.0,0.0,40,90.3,77.4
176,676.0,720,120,840,0.0,0.0,43,93.9,80.5
177,714.0,720,120,840,0.0,0.0,43,99.2,85.0
178,716.0,720,120,840,0.0,0.0,47,99.4,85.2
179,483.0,720,120,840,0.0,0.0,31,67.1,57.5
180,586.0,720,120,840,0.0,0.0,37,81.4,69.8
181,486.0,720,120,840,0.0,0.0,32,67.5,57.9
182,630.0,720,120,840,0.0,0.0,39,87.5,75.0
183,516.0,720,120,840,0.0,0.0,32,71.7,61.4
184,626.0,720,120,840,0.0,0.0,39,86.9,74.5
185,667.0,720,120,840,0.0,0.0,42,92.6,79.4
186,624.0,720,120,840,0.0,0.0,40,86.7,74.3
187,686.0,720,120,840,0.0,0.0,43,95.3,81.7
188,664.0,720,120,840,0.0,0.0,42,92.2,79.0
189,533.0,720,120,840,0.0,0.0,34,74.0,63.5
190,717.0,720,120,840,0.0,0.0,45,99.6,85.4
191,702.0,720,120,840,0.0,0.0,44,97.5,83.6
192,695.0,720,120,840,0.0,0.0,44,96.5,82.7
193,545.0,720,120,840,0.0,0.0,34,75.7,64.9
194,547.0,720,120,840,0.0,0.0,35,76.0,65.1
195,578.0,720,120,840,0.0,0.0,38,80.3,68.8
196,706.0,720,120,840,0.0,0.0,43,98.1,84.0
197,599.0,720,120,840,0.0,0.0,37,83.2,71.3
198,703.0,720,120,840,0.0,0.0,41,97.6,83.7
199,665.0,720,120,840,0.0,0.0,44,92.4,79.2
200,630.0,720,120,840,0.0,0.0,41,87.5,75.0
201,686.0,720,120,840,0.0,0.0,44,95.3,81.7
202,652.0,720,120,840,0.0,0.0,42,90.6,77.6
203,496.0,720,120,840,0.0,0.0,32,68.9,59.0
204,663.0,720,120,840,0.0,0.0,41,92.1,78.9
205,697.0,720,120,840,0.0,0.0,43,96.8,83.0
206,631.0,720,120,840,0.0,0.0,41,87.6,75.1
207,472.0,720,120,840,0.0,0.0,30,65.6,56.2
208,556.0,720,120,840,0.0,0.0,34,77.2,66.2
209,515.0,720,120,840,0.0,0.0,33,71.5,61.3
210,541.0,720,120,840,0.0,0.0,34,75.1,64.4
211,633.0,720,120,840,0.0,0.0,40,87.9,75.4
212,606.0,720,120,840,0.0,0.0,37,84.2,72.1
213,631.0,720,120,840,0.0,0.0,40,87.6,75.1
214,696.0,720,120,840,0.0,0.0,45,96.7,82.9
215,662.0,720,120,840,0.0,0.0,43,91.9,78.8
216,685.0,720,120,840,0.0,0.0,46,95.1,81.5
217,551.0,720,120,840,0.0,0.0,34,76.5,65.6
218,689.0,720,120,840,0.0,0.0,43,95.7,82.0
219,711.0,720,120,840,0.0,0.0,43,98.8,84.6
220,686.0,720,120,840,0.0,0.0,44,95.3,81.7
221,468.0,720,120,840,0.0,0.0,30,65.0,55.7
222,586.0,720,120,840,0.0,0.0,37,81.4,69.8
223,537.0,720,120,840,0.0,0.0,35,74.6,63.9
224,569.0,720,120,840,0.0,0.0,35,79.0,67.7
225,574.0,720,120,840,0.0,0.0,36,79.7,68.3
226,576.0,720,120,840,0.0,0.0,36,80.0,68.6
227,587.0,720,120,840,0.0,0.0,39,81.5,69.9
228,660.0,720,120,840,0.0,0.0,43,91.7,78.6
229,621.0,720,120,840,0.0,0.0,39,86.2,73.9
230,636.0,720,120,840,0.0,0.0,40,88.3,75.7
231,428.0,720,120,840,0.0,0.0,27,59.4,51.0
232,711.0,720,120,840,0.0,0.0,45,98.8,84.6
233,648.0,720,120,840,0.0,0.0,40,90.0,77.1
234,617.0,720,120,840,0.0,0.0,38,85.7,73.5
235,509.0,720,120,840,0.0,0.0,32,70.7,60.6
236,543.0,720,120,840,0.0,0.0,35,75.4,64.6
237,545.0,720,120,840,0.0,0.0,37,75.7,64.9
238,580.0,720,120,840,0.0,0.0,36,80.6,69.0
239,560.0,720,120,840,0.0,0.0,36,77.8,66.7
240,642.0,720,120,840,0.0,0.0,38,89.2,76.4
241,714.0,720,120,840,0.0,0.0,46,99.2,85.0
242,716.0,720,120,840,0.0,0.0,46,99.4,85.2
243,714.0,720,120,840,0.0,0.0,45,99.2,85.0
244,637.0,720,120,840,0.0,0.0,41,88.5,75.8
245,518.0,720,120,840,0.0,0.0,32,71.9,61.7
246,693.0,720,120,840,0.0,0.0,43,96.2,82.5
247,626.0,720,120,840,0.0,0.0,39,86.9,74.5
248,669.0,720,120,840,0.0,0.0,44,92.9,79.6
249,498.0,720,120,840,0.0,0.0,33,69.2,59.3
250,513.0,720,120,840,0.0,0.0,32,71.2,61.1
251,470.0,720,120,840,0.0,0.0,30,65.3,56.0
252,481.0,720,120,840,0.0,0.0,30,66.8,57.3
253,584.0,720,120,840,0.0,0.0,36,81.1,69.5
254,588.0,720,120,840,0.0,0.0,36,81.7,70.0
255,664.0,720,120,840,0.0,0.0,42,92.2,79.0
256,669.0,720,120,840,0.0,0.0,43,92.9,79.6
257,658.0,720,120,840,0.0,0.0,42,91.4,78.3
258,629.0,720,120,840,0.0,0.0,42,87.4,74.9
259,462.0,720,120,840,0.0,0.0,28,64.2,55.0
260,692.0,720,120,840,0.0,0.0,44,96.1,82.4
261,720.0,720,120,840,0.0,0.0,43,100.0,85.7
262,709.0,720,120,840,0.0,0.0,45,98.5,84.4
263,532.0,720,120,840,0.0,0.0,34,73.9,63.3
264,567.0,720,120,840,0.0,0.0,35,78.8,67.5
265,561.0,720,120,840,0.0,0.0,36,77.9,66.8
266,587.0,720,120,840,0.0,0.0,36,81.5,69.9
267,557.0,720,120,840,0.0,0.0,36,77.4,66.3
268,572.0,720,120,840,0.0,0.0,35,79.4,68.1
269,706.0,720,120,840,0.0,0.0,48,98.1,84.0
270,689.0,720,120,840,0.0,0.0,45,95.7,82.0
271,671.0,720,120,840,0.0,0.0,43,93.2,79.9
272,598.0,720,120,840,0.0,0.0,38,83.1,71.2
273,430.0,720,120,840,0.0,0.0,27,59.7,51.2
274,703.0,720,120,840,0.0,0.0,43,97.6,83.7
275,716.0,720,120,840,0.0,0.0,43,99.4,85.2
276,621.0,720,120,840,0.0,0.0,39,86.2,73.9
277,503.0,720,120,840,0.0,0.0,32,69.9,59.9
278,570.0,720,120,840,0.0,0.0,36,79.2,67.9
279,523.0,720,120,840,0.0,0.0,36,72.6,62.3
280,587.0,720,120,840,0.0,0.0,36,81.5,69.9
281,630.0,720,120,840,0.0,0.0,40,87.5,75.0
282,628.0,720,120,840,0.0,0.0,37,87.2,74.8
283,655.0,720,120,840,0.0,0.0,43,91.0,78.0
284,676.0,720,120,840,0.0,0.0,43,93.9,80.5
285,613.0,720,120,840,0.0,0.0,39,85.1,73.0
286,703.0,720,120,840,0.0,0.0,45,97.6,83.7
287,537.0,720,120,840,0.0,0.0,33,74.6,63.9
288,682.0,720,120,840,0.0,0.0,42,94.7,81.2
289,583.0,720,120,840,0.0,0.0,36,81.0,69.4
290,681.0,720,120,840,0.0,0.0,46,94.6,81.1
291,580.0,720,120,840,0.0,0.0,36,80.6,69.0
292,559.0,720,120,840,0.0,0.0,36,77.6,66.5
293,510.0,720,120,840,0.0,0.0,32,70.8,60.7
294,485.0,720,120,840,0.0,0.0,31,67.4,57.7
295,578.0,720,120,840,0.0,0.0,35,80.3,68.8
296,667.0,720,120,840,0.0,0.0,40,92.6,79.4
297,592.0,720,120,840,0.0,0.0,37,82.2,70.5
298,625.0,720,120,840,0.0,0.0,41,86.8,74.4
299,718.0,720,120,840,0.0,0.0,44,99.7,85.5
300,682.0,720,120,840,0.0,0.0,46,94.7,81.2
301,481.0,720,120,840,0.0,0.0,30,66.8,57.3
302,716.0,720,120,840,0.0,0.0,45,99.4,85.2
303,687.0,720,120,840,0.0,0.0,40,95.4,81.8
304,686.0,720,120,840,0.0,0.0,43,95.3,81.7
305,600.0,720,120,840,0.0,0.0,37,83.3,71.4
306,483.0,720,120,840,0.0,0.0,30,67.1,57.5
307,539.0,720,120,840,0.0,0.0,35,74.9,64.2
308,587.0,720,120,840,0.0,0.0,36,81.5,69.9
309,573.0,720,120,840,0.0,0.0,36,79.6,68.2
310,499.0,720,120,840,0.0,0.0,31,69.3,59.4
311,710.0,720,120,840,0.0,0.0,48,98.6,84.5
312,712.0,720,120,840,0.0,0.0,45,98.9,84.8
313,628.0,720,120,840,0.0,0.0,40,87.2,74.8
314,614.0,720,120,840,0.0,0.0,39,85.3,73.1
315,420.0,720,120,840,0.0,0.0,27,58.3,50.0
316,690.0,720,120,840,0.0,0.0,42,95.8,82.1
317,680.0,720,120,840,0.0,0.0,41,94.4,81.0
318,587.0,720,120,840,0.0,0.0,36,81.5,69.9
319,524.0,720,120,840,0.0,0.0,34,72.8,62.4
320,612.0,720,120,840,0.0,0.0,37,85.0,72.9
321,557.0,720,120,840,0.0,0.0,38,77.4,66.3
322,600.0,720,120,840,0.0,0.0,37,83.3,71.4
323,511.0,720,120,840,0.0,0.0,33,71.0,60.8
324,613.0,720,120,840,0.0,0.0,37,85.1,73.0
325,675.0,720,120,840,0.0,0.0,43,93.8,80.4
326,692.0,720,120,840,0.0,0.0,43,96.1,82.4
327,572.0,720,120,840,0.0,0.0,35,79.4,68.1
328,628.0,720,120,840,0.0,0.0,41,87.2,74.8
329,515.0,720,120,840,0.0,0.0,32,71.5,61.3
330,699.0,720,120,840,0.0,0.0,44,97.1,83.2
331,537.0,720,120,840,0.0,0.0,33,74.6,63.9
332,677.0,720,120,840,0.0,0.0,45,94.0,80.6
333,608.0,720,120,840,0.0,0.0,37,84.4,72.4
334,515.0,720,120,840,0.0,0.0,33,71.5,61.3
335,444.0,720,120,840,0.0,0.0,28,61.7,52.9
336,469.0,720,120,840,0.0,0.0,30,65.1,55.8
337,606.0,720,120,840,0.0,0.0,37,84.2,72.1
338,612.0,720,120,840,0.0,0.0,37,85.0,72.9
339,552.0,720,120,840,0.0,0.0,35,76.7,65.7
340,512.0,720,120,840,0.0,0.0,34,71.1,61.0
341,676.0,720,120,840,0.0,0.0,42,93.9,80.5
342,665.0,720,120,840,0.0,0.0,44,92.4,79.2
343,506.0,720,120,840,0.0,0.0,31,70.3,60.2
344,608.0,720,120,840,0.0,0.0,39,84.4,72.4
345,589.0,720,120,840,0.0,0.0,35,81.8,70.1
346,612.0,720,120,840,0.0,0.0,39,85.0,72.9
347,543.0,720,120,840,0.0,0.0,34,75.4,64.6
348,461.0,720,120,840,0.0,0.0,27,64.0,54.9
349,446.0,720,120,840,0.0,0.0,29,61.9,53.1
350,506.0,720,120,840,0.0,0.0,31,70.3,60.2
351,536.0,720,120,840,0.0,0.0,33,74.4,63.8
352,497.0,720,120,840,0.0,0.0,31,69.0,59.2
353,574.0,720,120,840,0.0,0.0,38,79.7,68.3
354,608.0,720,120,840,0.0,0.0,37,84.4,72.4
355,524.0,720,120,840,0.0,0.0,33,72.8,62.4
356,495.0,720,120,840,0.0,0.0,31,68.8,58.9
357,315.0,720,120,840,0.0,0.0,20,43.8,37.5
358,554.0,720,120,840,0.0,0.0,34,76.9,66.0
359,542.0,720,120,840,0.0,0.0,32,75.3,64.5
360,404.0,720,120,840,0.0,0.0,25,56.1,48.1
361,359.0,720,120,840,0.0,0.0,25,49.9,42.7
362,481.0,720,120,840,0.0,0.0,29,66.8,57.3
363,514.0,720,120,840,0.0,0.0,34,71.4,61.2
364,491.0,720,120,840,0.0,0.0,30,68.2,58.5
365,484.0,720,120,840,0.0,0.0,30,67.2,57.6
366,541.0,720,120,840,0.0,0.0,33,75.1,64.4
367,598.0,720,120,840,0.0,0.0,38,83.1,71.2
368,515.0,720,120,840,0.0,0.0,33,71.5,61.3
369,514.0,720,120,840,0.0,0.0,31,71.4,61.2
370,450.0,720,120,840,0.0,0.0,29,62.5,53.6
371,356.0,720,120,840,0.0,0.0,22,49.4,42.4
372,605.0,720,120,840,0.0,0.0,37,84.0,72.0
373,439.0,720,120,840,0.0,0.0,27,61.0,52.3
374,445.0,720,120,840,0.0,0.0,30,61.8,53.0
375,527.0,720,120,840,0.0,0.0,33,73.2,62.7
376,345.0,720,120,840,0.0,0.0,22,47.9,41.1
377,332.0,720,120,840,0.0,0.0,20,46.1,39.5
378,330.0,720,120,840,0.0,0.0,21,45.8,39.3
379,379.0,720,120,840,0.0,0.0,24,52.6,45.1
380,463.0,720,120,840,0.0,0.0,28,64.3,55.1
381,397.0,720,120,840,0.0,0.0,25,55.1,47.3
382,355.0,720,120,840,0.0,0.0,23,49.3,42.3
383,538.0,720,120,840,0.0,0.0,34,74.7,64.0
384,466.0,720,120,840,0.0,0.0,30,64.7,55.5
385,348.0,720,120,840,0.0,0.0,21,48.3,41.4
386,446.0,720,120,840,0.0,0.0,27,61.9,53.1
387,464.0,720,120,840,0.0,0.0,28,64.4,55.2
388,503.0,720,120,840,0.0,0.0,32,69.9,59.9
389,445.0,720,120,840,0.0,0.0,30,61.8,53.0
390,432.0,720,120,840,0.0,0.0,26,60.0,51.4
391,297.0,720,120,840,0.0,0.0,19,41.2,35.4
392,321.0,720,120,840,0.0,0.0,20,44.6,38.2
393,464.0,720,120,840,0.0,0.0,28,64.4,55.2
394,248.0,720,120,840,0.0,0.0,16,34.4,29.5
395,402.0,720,120,840,0.0,0.0,27,55.8,47.9
396,455.0,720,120,840,0.0,0.0,27,63.2,54.2
397,373.0,720,120,840,0.0,0.0,24,51.8,44.4
398,310.0,720,120,840,0.0,0.0,19,43.1,36.9
399,266.0,720,120,840,0.0,0.0,17,36.9,31.7
400,328.0,720,120,840,0.0,0.0,21,45.6,39.0
401,378.0,720,120,840,0.0,0.0,24,52.5,45.0
402,315.0,720,120,840,0.0,0.0,20,43.8,37.5
403,248.0,720,120,840,0.0,0.0,18,34.4,29.5
404,395.0,720,120,840,0.0,0.0,25,54.9,47.0
405,306.0,720,120,840,0.0,0.0,19,42.5,36.4
406,347.0,720,120,840,0.0,0.0,21,48.2,41.3
407,301.0,720,120,840,0.0,0.0,19,41.8,35.8
408,308.0,720,120,840,0.0,0.0,19,42.8,36.7
409,478.0,720,120,840,0.0,0.0,30,66.4,56.9
410,371.0,720,120,840,0.0,0.0,24,51.5,44.2
411,372.0,720,120,840,0.0,0.0,22,51.7,44.3
412,260.0,720,120,840,0.0,0.0,17,36.1,31.0
413,206.0,720,120,840,0.0,0.0,13,28.6,24.5
414,384.0,720,120,840,0.0,0.0,24,53.3,45.7
415,270.0,720,120,840,0.0,0.0,17,37.5,32.1
416,235.0,720,120,840,0.0,0.0,16,32.6,28.0
417,341.0,720,120,840,0.0,0.0,22,47.4,40.6
418,263.0,720,120,840,0.0,0.0,17,36.5,31.3
419,213.0,720,120,840,0.0,0.0,13,29.6,25.4
420,205.0,720,120,840,0.0,0.0,13,28.5,24.4
421,173.0,720,120,840,0.0,0.0,11,24.0,20.6
422,196.0,720,120,840,0.0,0.0,13,27.2,23.3
423,274.0,720,120,840,0.0,0.0,18,38.1,32.6
424,207.0,720,120,840,0.0,0.0,13,28.8,24.6
425,206.0,720,120,840,0.0,0.0,14,28.6,24.5
426,231.0,720,120,840,0.0,0.0,14,32.1,27.5
427,196.0,720,120,840,0.0,0.0,12,27.2,23.3
428,271.0,720,120,840,0.0,0.0,16,37.6,32.3
429,249.0,720,120,840,0.0,0.0,16,34.6,29.6
430,223.0,720,120,840,0.0,0.0,14,31.0,26.5
431,244.0,720,120,840,0.0,0.0,18,33.9,29.0
432,244.0,720,120,840,0.0,0.0,14,33.9,29.0
433,236.0,720,120,840,0.0,0.0,15,32.8,28.1
434,183.0,720,120,840,0.0,0.0,11,25.4,21.8
435,224.0,720,120,840,0.0,0.0,14,31.1,26.7
436,103.0,720,120,840,0.0,0.0,7,14.3,12.3
437,220.0,720,120,840,0.0,0.0,15,30.6,26.2
438,194.0,720,120,840,0.0,0.0,12,26.9,23.1
439,123.0,720,120,840,0.0,0.0,8,17.1,14.6
440,105.0,720,120,840,0.0,0.0,7,14.6,12.5
441,109.0,720,120,840,0.0,0.0,7,15.1,13.0
442,143.0,720,120,840,0.0,0.0,9,19.9,17.0
443,196.0,720,120,840,0.0,0.0,13,27.2,23.3
444,180.0,720,120,840,0.0,0.0,12,25.0,21.4
445,119.0,720,120,840,0.0,0.0,9,16.5,14.2
446,128.0,720,120,840,0.0,0.0,9,17.8,15.2
447,173.0,720,120,840,0.0,0.0,10,24.0,20.6
448,139.0,720,120,840,0.0,0.0,9,19.3,16.5
449,98.0,720,120,840,0.0,0.0,5,13.6,11.7
450,124.0,720,120,840,0.0,0.0,8,17.2,14.8
451,178.0,720,120,840,0.0,0.0,11,24.7,21.2
452,109.0,720,120,840,0.0,0.0,8,15.1,13.0
453,118.0,720,120,840,0.0,0.0,7,16.4,14.0
454,87.0,720,120,840,0.0,0.0,6,12.1,10.4
455,78.0,720,120,840,0.0,0.0,5,10.8,9.3
456,194.0,720,120,840,0.0,0.0,12,26.9,23.1
457,87.0,720,120,840,0.0,0.0,6,12.1,10.4
458,101.0,720,120,840,0.0,0.0,7,14.0,12.0
459,104.0,720,120,840,0.0,0.0,8,14.4,12.4
460,71.0,720,120,840,0.0,0.0,5,9.9,8.5
461,79.0,720,120,840,0.0,0.0,5,11.0,9.4
462,31.0,720,120,840,0.0,0.0,2,4.3,3.7
463,47.0,720,120,840,0.0,0.0,3,6.5,5.6
464,108.0,720,120,840,0.0,0.0,7,15.0,12.9
465,118.0,720,120,840,0.0,0.0,8,16.4,14.0
466,32.0,720,120,840,0.0,0.0,2,4.4,3.8
467,84.0,720,120,840,0.0,0.0,6,11.7,10.0
468,87.0,720,120,840,0.0,0.0,5,12.1,10.4
469,60.0,720,120,840,0.0,0.0,4,8.3,7.1
470,66.0,720,120,840,0.0,0.0,3,9.2,7.9
471,90.0,720,120,840,0.0,0.0,6,12.5,10.7
472,100.0,720,120,840,0.0,0.0,6,13.9,11.9
473,69.0,720,120,840,0.0,0.0,5,9.6,8.2
474,31.0,720,120,840,0.0,0.0,2,4.3,3.7
475,61.0,720,120,840,0.0,0.0,4,8.5,7.3
