dia,ocupacion_modulos,farmacia_modulos,farmacia_capacidad,capacidad_ordinaria_K,capacidad_extra_K_ext,capacidad_total,modulos_extra_usados,holgura_yt,n_sesiones,pct_ocupacion,pct_ocupacion_total
1,68.0,45.0,180,720,120,840,0.0,0.0,4,9.4,8.1
2,97.0,0.0,180,720,120,840,0.0,0.0,6,13.5,11.5
3,14.0,13.0,180,720,120,840,0.0,0.0,1,1.9,1.7
4,70.0,23.0,180,720,120,840,0.0,0.0,5,9.7,8.3
5,46.0,37.0,180,720,120,840,0.0,0.0,3,6.4,5.5
6,119.0,5.0,180,720,120,840,0.0,0.0,7,16.5,14.2
7,15.0,29.0,180,720,120,840,0.0,0.0,1,2.1,1.8
8,108.0,26.0,180,720,120,840,0.0,0.0,7,15.0,12.9
9,112.0,20.0,180,720,120,840,0.0,0.0,7,15.6,13.3
10,78.0,13.0,180,720,120,840,0.0,0.0,5,10.8,9.3
11,43.0,11.0,180,720,120,840,0.0,0.0,3,6.0,5.1
12,51.0,13.0,180,720,120,840,0.0,0.0,3,7.1,6.1
13,36.0,22.0,180,720,120,840,0.0,0.0,3,5.0,4.3
14,97.0,20.0,180,720,120,840,0.0,0.0,5,13.5,11.5
15,93.0,22.0,180,720,120,840,0.0,0.0,5,12.9,11.1
16,76.0,13.0,180,720,120,840,0.0,0.0,5,10.6,9.0
17,76.0,14.0,180,720,120,840,0.0,0.0,5,10.6,9.0
18,125.0,47.0,180,720,120,840,0.0,0.0,8,17.4,14.9
19,94.0,51.0,180,720,120,840,0.0,0.0,6,13.1,11.2
20,171.0,13.0,180,720,120,840,0.0,0.0,11,23.8,20.4
21,72.0,60.0,180,720,120,840,0.0,0.0,4,10.0,8.6
22,227.0,46.0,180,720,120,840,0.0,0.0,14,31.5,27.0
23,179.0,29.0,180,720,120,840,0.0,0.0,11,24.9,21.3
24,154.0,40.0,180,720,120,840,0.0,0.0,10,21.4,18.3
25,200.0,37.0,180,720,120,840,0.0,0.0,12,27.8,23.8
26,90.0,39.0,180,720,120,840,0.0,0.0,6,12.5,10.7
27,164.0,48.0,180,720,120,840,0.0,0.0,10,22.8,19.5
28,192.0,54.0,180,720,120,840,0.0,0.0,12,26.7,22.9
29,186.0,33.0,180,720,120,840,0.0,0.0,13,25.8,22.1
30,142.0,24.0,180,720,120,840,0.0,0.0,9,19.7,16.9
31,184.0,75.0,180,720,120,840,0.0,0.0,12,25.6,21.9
32,189.0,0.0,180,720,120,840,0.0,0.0,12,26.2,22.5
33,134.0,37.0,180,720,120,840,0.0,0.0,9,18.6,16.0
34,240.0,103.0,180,720,120,840,0.0,0.0,16,33.3,28.6
35,169.0,56.0,180,720,120,840,0.0,0.0,9,23.5,20.1
36,234.0,0.0,180,720,120,840,0.0,0.0,14,32.5,27.9
37,179.0,101.0,180,720,120,840,0.0,0.0,12,24.9,21.3
38,195.0,39.0,180,720,120,840,0.0,0.0,13,27.1,23.2
39,146.0,39.0,180,720,120,840,0.0,0.0,9,20.3,17.4
40,170.0,43.0,180,720,120,840,0.0,0.0,10,23.6,20.2
41,170.0,35.0,180,720,120,840,0.0,0.0,11,23.6,20.2
42,151.0,68.0,180,720,120,840,0.0,0.0,9,21.0,18.0
43,265.0,81.0,180,720,120,840,0.0,0.0,16,36.8,31.5
44,309.0,50.0,180,720,120,840,0.0,0.0,19,42.9,36.8
45,206.0,48.0,180,720,120,840,0.0,0.0,13,28.6,24.5
46,308.0,70.0,180,720,120,840,0.0,0.0,19,42.8,36.7
47,176.0,56.0,180,720,120,840,0.0,0.0,11,24.4,21.0
48,385.0,96.0,180,720,120,840,0.0,0.0,24,53.5,45.8
49,222.0,91.0,180,720,120,840,0.0,0.0,14,30.8,26.4
50,360.0,76.0,180,720,120,840,0.0,0.0,24,50.0,42.9
51,308.0,0.0,180,720,120,840,0.0,0.0,20,42.8,36.7
52,254.0,69.0,180,720,120,840,0.0,0.0,17,35.3,30.2
53,193.0,99.0,180,720,120,840,0.0,0.0,12,26.8,23.0
54,170.0,57.0,180,720,120,840,0.0,0.0,12,23.6,20.2
55,217.0,68.0,180,720,120,840,0.0,0.0,14,30.1,25.8
56,288.0,57.0,180,720,120,840,0.0,0.0,16,40.0,34.3
57,243.0,64.0,180,720,120,840,0.0,0.0,14,33.8,28.9
58,227.0,58.0,180,720,120,840,0.0,0.0,15,31.5,27.0
59,217.0,68.0,180,720,120,840,0.0,0.0,14,30.1,25.8
60,251.0,64.0,180,720,120,840,0.0,0.0,15,34.9,29.9
61,271.0,112.0,180,720,120,840,0.0,0.0,18,37.6,32.3
62,397.0,37.0,180,720,120,840,0.0,0.0,26,55.1,47.3
63,165.0,114.0,180,720,120,840,0.0,0.0,10,22.9,19.6
64,431.0,121.0,180,720,120,840,0.0,0.0,27,59.9,51.3
65,471.0,69.0,180,720,120,840,0.0,0.0,29,65.4,56.1
66,361.0,115.0,180,720,120,840,0.0,0.0,22,50.1,43.0
67,404.0,61.0,180,720,120,840,0.0,0.0,25,56.1,48.1
68,258.0,107.0,180,720,120,840,0.0,0.0,16,35.8,30.7
69,415.0,95.0,180,720,120,840,0.0,0.0,27,57.6,49.4
70,381.0,88.0,180,720,120,840,0.0,0.0,24,52.9,45.4
71,340.0,80.0,180,720,120,840,0.0,0.0,23,47.2,40.5
72,385.0,18.0,180,720,120,840,0.0,0.0,25,53.5,45.8
73,321.0,85.0,180,720,120,840,0.0,0.0,21,44.6,38.2
74,350.0,96.0,180,720,120,840,0.0,0.0,22,48.6,41.7
75,339.0,103.0,180,720,120,840,0.0,0.0,25,47.1,40.4
76,414.0,116.0,180,720,120,840,0.0,0.0,27,57.5,49.3
77,373.0,80.0,180,720,120,840,0.0,0.0,20,51.8,44.4
78,370.0,93.0,180,720,120,840,0.0,0.0,22,51.4,44.0
79,295.0,76.0,180,720,120,840,0.0,0.0,19,41.0,35.1
80,372.0,95.0,180,720,120,840,0.0,0.0,23,51.7,44.3
81,263.0,137.0,180,720,120,840,0.0,0.0,16,36.5,31.3
82,285.0,94.0,180,720,120,840,0.0,0.0,18,39.6,33.9
83,339.0,0.0,180,720,120,840,0.0,0.0,23,47.1,40.4
84,316.0,169.0,180,720,120,840,0.0,0.0,19,43.9,37.6
85,359.0,141.0,180,720,120,840,0.0,0.0,22,49.9,42.7
86,543.0,98.0,180,720,120,840,0.0,0.0,34,75.4,64.6
87,440.0,51.0,180,720,120,840,0.0,0.0,26,61.1,52.4
88,552.0,126.0,180,720,120,840,0.0,-0.0,34,76.7,65.7
89,430.0,137.0,180,720,120,840,0.0,-0.0,28,59.7,51.2
90,594.0,95.0,180,720,120,840,0.0,0.0,37,82.5,70.7
91,432.0,102.0,180,720,120,840,0.0,0.0,27,60.0,51.4
92,463.0,120.0,180,720,120,840,0.0,0.0,31,64.3,55.1
93,553.0,133.0,180,720,120,840,0.0,0.0,34,76.8,65.8
94,427.0,114.0,180,720,120,840,0.0,0.0,28,59.3,50.8
95,290.0,134.0,180,720,120,840,0.0,0.0,18,40.3,34.5
96,398.0,87.0,180,720,120,840,0.0,0.0,28,55.3,47.4
97,274.0,129.0,180,720,120,840,0.0,0.0,18,38.1,32.6
98,494.0,103.0,180,720,120,840,0.0,0.0,28,68.6,58.8
99,334.0,115.0,180,720,120,840,0.0,0.0,20,46.4,39.8
100,387.0,112.0,180,720,120,840,0.0,0.0,25,53.8,46.1
101,441.0,47.0,180,720,120,840,0.0,0.0,27,61.2,52.5
102,451.0,161.0,180,720,120,840,0.0,-0.0,28,62.6,53.7
103,490.0,179.0,180,720,120,840,0.0,0.0,31,68.1,58.3
104,534.0,79.0,180,720,120,840,0.0,0.0,35,74.2,63.6
105,349.0,150.0,180,720,120,840,0.0,0.0,22,48.5,41.5
106,590.0,157.0,180,720,120,840,0.0,0.0,36,81.9,70.2
107,647.0,130.0,180,720,120,840,0.0,0.0,40,89.9,77.0
108,566.0,97.0,180,720,120,840,0.0,0.0,34,78.6,67.4
109,503.0,122.0,180,720,120,840,0.0,0.0,30,69.9,59.9
110,412.0,138.0,180,720,120,840,0.0,0.0,26,57.2,49.0
111,528.0,129.0,180,720,120,840,0.0,0.0,33,73.3,62.9
112,544.0,112.0,180,720,120,840,0.0,0.0,33,75.6,64.8
113,446.0,145.0,180,720,120,840,0.0,0.0,29,61.9,53.1
114,586.0,99.0,180,720,120,840,0.0,0.0,36,81.4,69.8
115,517.0,101.0,180,720,120,840,0.0,0.0,34,71.8,61.5
116,516.0,162.0,180,720,120,840,0.0,-0.0,33,71.7,61.4
117,516.0,177.0,180,720,120,840,0.0,-0.0,36,71.7,61.4
118,573.0,39.0,180,720,120,840,0.0,0.0,37,79.6,68.2
119,556.0,172.0,180,720,120,840,0.0,0.0,33,77.2,66.2
120,591.0,142.0,180,720,120,840,0.0,0.0,36,82.1,70.4
121,541.0,109.0,180,720,120,840,0.0,0.0,35,75.1,64.4
122,470.0,178.0,180,720,120,840,0.0,0.0,29,65.3,56.0
123,377.0,148.0,180,720,120,840,0.0,0.0,23,52.4,44.9
124,511.0,126.0,180,720,120,840,0.0,0.0,31,71.0,60.8
125,446.0,131.0,180,720,120,840,0.0,0.0,29,61.9,53.1
126,497.0,124.0,180,720,120,840,0.0,0.0,31,69.0,59.2
127,475.0,165.0,180,720,120,840,0.0,0.0,29,66.0,56.5
128,658.0,165.0,180,720,120,840,0.0,0.0,41,91.4,78.3
129,671.0,75.0,180,720,120,840,0.0,0.0,41,93.2,79.9
130,708.0,173.0,180,720,120,840,0.0,-0.0,44,98.3,84.3
131,519.0,180.0,180,720,120,840,0.0,-0.0,34,72.1,61.8
132,716.0,153.0,180,720,120,840,0.0,-0.0,46,99.4,85.2
133,506.0,177.0,180,720,120,840,0.0,0.0,31,70.3,60.2
134,582.0,155.0,180,720,120,840,0.0,0.0,37,80.8,69.3
135,625.0,127.0,180,720,120,840,0.0,0.0,39,86.8,74.4
136,483.0,103.0,180,720,120,840,0.0,0.0,32,67.1,57.5
137,421.0,148.0,180,720,120,840,0.0,0.0,27,58.5,50.1
138,522.0,109.0,180,720,120,840,0.0,0.0,34,72.5,62.1
139,418.0,170.0,180,720,120,840,0.0,0.0,27,58.1,49.8
140,663.0,123.0,180,720,120,840,0.0,0.0,40,92.1,78.9
141,484.0,111.0,180,720,120,840,0.0,0.0,29,67.2,57.6
142,515.0,140.0,180,720,120,840,0.0,0.0,33,71.5,61.3
143,547.0,110.0,180,720,120,840,0.0,0.0,34,76.0,65.1
144,548.0,165.0,180,720,120,840,0.0,-0.0,35,76.1,65.2
145,588.0,157.0,180,720,120,840,0.0,-0.0,37,81.7,70.0
146,583.0,138.0,180,720,120,840,0.0,0.0,38,81.0,69.4
147,397.0,142.0,180,720,120,840,0.0,0.0,26,55.1,47.3
148,566.0,154.0,180,720,120,840,0.0,0.0,35,78.6,67.4
149,649.0,144.0,180,720,120,840,0.0,0.0,40,90.1,77.3
150,650.0,127.0,180,720,120,840,0.0,-0.0,40,90.3,77.4
151,519.0,133.0,180,720,120,840,0.0,0.0,32,72.1,61.8
152,481.0,136.0,180,720,120,840,0.0,0.0,31,66.8,57.3
153,546.0,161.0,180,720,120,840,0.0,0.0,36,75.8,65.0
154,623.0,119.0,180,720,120,840,0.0,0.0,39,86.5,74.2
155,456.0,148.0,180,720,120,840,0.0,0.0,29,63.3,54.3
156,613.0,99.0,180,720,120,840,0.0,0.0,37,85.1,73.0
157,556.0,116.0,180,720,120,840,0.0,0.0,37,77.2,66.2
158,555.0,171.0,180,720,120,840,0.0,-0.0,36,77.1,66.1
159,586.0,178.0,180,720,120,840,0.0,-0.0,38,81.4,69.8
160,636.0,178.0,180,720,120,840,0.0,0.0,41,88.3,75.7
161,534.0,165.0,180,720,120,840,0.0,0.0,33,74.2,63.6
162,590.0,161.0,180,720,120,840,0.0,0.0,36,81.9,70.2
163,617.0,140.0,180,720,120,840,0.0,0.0,39,85.7,73.5
164,556.0,107.0,180,720,120,840,0.0,0.0,35,77.2,66.2
165,398.0,131.0,180,720,120,840,0.0,0.0,26,55.3,47.4
166,537.0,111.0,180,720,120,840,0.0,0.0,33,74.6,63.9
167,426.0,113.0,180,720,120,840,0.0,0.0,28,59.2,50.7
168,556.0,148.0,180,720,120,840,0.0,0.0,35,77.2,66.2
169,520.0,161.0,180,720,120,840,0.0,0.0,32,72.2,61.9
170,620.0,84.0,180,720,120,840,0.0,0.0,39,86.1,73.8
171,705.0,157.0,180,720,120,840,0.0,-0.0,43,97.9,83.9
172,706.0,158.0,180,720,120,840,0.0,-0.0,44,98.1,84.0
173,475.0,180.0,180,720,120,840,0.0,-0.0,31,66.0,56.5
174,690.0,179.0,180,720,120,840,0.0,-0.0,45,95.8,82.1
175,570.0,146.0,180,720,120,840,0.0,0.0,35,79.2,67.9
176,567.0,162.0,180,720,120,840,0.0,0.0,36,78.8,67.5
177,687.0,159.0,180,720,120,840,0.0,0.0,41,95.4,81.8
178,579.0,111.0,180,720,120,840,0.0,0.0,39,80.4,68.9
179,451.0,150.0,180,720,120,840,0.0,0.0,29,62.6,53.7
180,538.0,123.0,180,720,120,840,0.0,0.0,34,74.7,64.0
181,438.0,109.0,180,720,120,840,0.0,0.0,29,60.8,52.1
182,614.0,174.0,180,720,120,840,0.0,0.0,38,85.3,73.1
183,484.0,159.0,180,720,120,840,0.0,0.0,30,67.2,57.6
184,610.0,101.0,180,720,120,840,0.0,0.0,38,84.7,72.6
185,587.0,130.0,180,720,120,840,0.0,0.0,37,81.5,69.9
186,566.0,172.0,180,720,120,840,0.0,-0.0,37,78.6,67.4
187,580.0,155.0,180,720,120,840,0.0,-0.0,36,80.6,69.0
188,648.0,122.0,180,720,120,840,0.0,0.0,41,90.0,77.1
189,453.0,177.0,180,720,120,840,0.0,0.0,29,62.9,53.9
190,653.0,178.0,180,720,120,840,0.0,0.0,41,90.7,77.7
191,650.0,136.0,180,720,120,840,0.0,0.0,41,90.3,77.4
192,648.0,133.0,180,720,120,840,0.0,-0.0,41,90.0,77.1
193,543.0,126.0,180,720,120,840,0.0,0.0,33,75.4,64.6
194,449.0,134.0,180,720,120,840,0.0,0.0,30,62.4,53.5
195,530.0,149.0,180,720,120,840,0.0,0.0,35,73.6,63.1
196,705.0,144.0,180,720,120,840,0.0,-0.0,43,97.9,83.9
197,507.0,171.0,180,720,120,840,0.0,0.0,31,70.4,60.4
198,692.0,106.0,180,720,120,840,0.0,-0.0,40,96.1,82.4
199,560.0,107.0,180,720,120,840,0.0,0.0,38,77.8,66.7
200,592.0,180.0,180,720,120,840,0.0,-0.0,39,82.2,70.5
201,580.0,174.0,180,720,120,840,0.0,-0.0,37,80.6,69.0
202,636.0,168.0,180,720,120,840,0.0,0.0,41,88.3,75.7
203,416.0,157.0,180,720,120,840,0.0,0.0,27,57.8,49.5
204,599.0,168.0,180,720,120,840,0.0,0.0,37,83.2,71.3
205,665.0,135.0,180,720,120,840,0.0,0.0,41,92.4,79.2
206,519.0,107.0,180,720,120,840,0.0,0.0,34,72.1,61.8
207,420.0,127.0,180,720,120,840,0.0,0.0,27,58.3,50.0
208,508.0,120.0,180,720,120,840,0.0,0.0,31,70.6,60.5
209,467.0,134.0,180,720,120,840,0.0,0.0,30,64.9,55.6
210,525.0,144.0,180,720,120,840,0.0,0.0,33,72.9,62.5
211,601.0,140.0,180,720,120,840,0.0,0.0,38,83.5,71.5
212,570.0,96.0,180,720,120,840,0.0,0.0,35,79.2,67.9
213,586.0,137.0,180,720,120,840,0.0,0.0,37,81.4,69.8
214,663.0,172.0,180,720,120,840,0.0,-0.0,43,92.1,78.9
215,531.0,171.0,180,720,120,840,0.0,-0.0,35,73.8,63.2
216,669.0,150.0,180,720,120,840,0.0,-0.0,45,92.9,79.6
217,486.0,156.0,180,720,120,840,0.0,0.0,30,67.5,57.9
218,595.0,165.0,180,720,120,840,0.0,0.0,37,82.6,70.8
219,684.0,143.0,180,720,120,840,0.0,0.0,41,95.0,81.4
220,549.0,105.0,180,720,120,840,0.0,0.0,36,76.2,65.4
221,436.0,157.0,180,720,120,840,0.0,0.0,28,60.6,51.9
222,538.0,88.0,180,720,120,840,0.0,0.0,34,74.7,64.0
223,514.0,153.0,180,720,120,840,0.0,0.0,33,71.4,61.2
224,528.0,177.0,180,720,120,840,0.0,0.0,33,73.3,62.9
225,542.0,144.0,180,720,120,840,0.0,0.0,34,75.3,64.5
226,552.0,101.0,180,720,120,840,0.0,0.0,34,76.7,65.7
227,507.0,114.0,180,720,120,840,0.0,0.0,34,70.4,60.4
228,602.0,169.0,180,720,120,840,0.0,-0.0,40,83.6,71.7
229,515.0,159.0,180,720,120,840,0.0,-0.0,32,71.5,61.3
230,620.0,117.0,180,720,120,840,0.0,0.0,39,86.1,73.8
231,348.0,137.0,180,720,120,840,0.0,0.0,22,48.3,41.4
232,647.0,176.0,180,720,120,840,0.0,0.0,41,89.9,77.0
233,596.0,108.0,180,720,120,840,0.0,0.0,37,82.8,71.0
234,515.0,119.0,180,720,120,840,0.0,0.0,32,71.5,61.3
235,482.0,134.0,180,720,120,840,0.0,0.0,30,66.9,57.4
236,495.0,114.0,180,720,120,840,0.0,0.0,32,68.8,58.9
237,497.0,162.0,180,720,120,840,0.0,0.0,34,69.0,59.2
238,579.0,133.0,180,720,120,840,0.0,0.0,36,80.4,68.9
239,498.0,147.0,180,720,120,840,0.0,0.0,32,69.2,59.3
240,623.0,126.0,180,720,120,840,0.0,0.0,36,86.5,74.2
241,609.0,119.0,180,720,120,840,0.0,0.0,40,84.6,72.5
242,703.0,173.0,180,720,120,840,0.0,-0.0,45,97.6,83.7
243,583.0,170.0,180,720,120,840,0.0,-0.0,37,81.0,69.4
244,646.0,180.0,180,720,120,840,0.0,0.0,41,89.7,76.9
245,413.0,167.0,180,720,120,840,0.0,0.0,26,57.4,49.2
246,629.0,148.0,180,720,120,840,0.0,0.0,39,87.4,74.9
247,586.0,148.0,180,720,120,840,0.0,0.0,36,81.4,69.8
248,557.0,116.0,180,720,120,840,0.0,0.0,37,77.4,66.3
249,446.0,117.0,180,720,120,840,0.0,0.0,30,61.9,53.1
250,465.0,113.0,180,720,120,840,0.0,0.0,29,64.6,55.4
251,422.0,119.0,180,720,120,840,0.0,0.0,27,58.6,50.2
252,465.0,128.0,180,720,120,840,0.0,0.0,29,64.6,55.4
253,552.0,139.0,180,720,120,840,0.0,0.0,34,76.7,65.7
254,552.0,95.0,180,720,120,840,0.0,0.0,34,76.7,65.7
255,579.0,132.0,180,720,120,840,0.0,0.0,37,80.4,68.9
256,636.0,166.0,180,720,120,840,0.0,-0.0,41,88.3,75.7
257,552.0,177.0,180,720,120,840,0.0,-0.0,35,76.7,65.7
258,613.0,110.0,180,720,120,840,0.0,-0.0,41,85.1,73.0
259,397.0,158.0,180,720,120,840,0.0,0.0,24,55.1,47.3
260,613.0,161.0,180,720,120,840,0.0,0.0,39,85.1,73.0
261,710.0,177.0,180,720,120,840,0.0,0.0,41,98.6,84.5
262,547.0,108.0,180,720,120,840,0.0,0.0,36,76.0,65.1
263,525.0,157.0,180,720,120,840,0.0,0.0,33,72.9,62.5
264,494.0,138.0,180,720,120,840,0.0,0.0,31,68.6,58.8
265,538.0,141.0,180,720,120,840,0.0,0.0,34,74.7,64.0
266,546.0,147.0,180,720,120,840,0.0,0.0,34,75.8,65.0
267,550.0,134.0,180,720,120,840,0.0,0.0,35,76.4,65.5
268,523.0,158.0,180,720,120,840,0.0,0.0,32,72.6,62.3
269,626.0,94.0,180,720,120,840,0.0,0.0,43,86.9,74.5
270,631.0,168.0,180,720,120,840,0.0,-0.0,42,87.6,75.1
271,565.0,153.0,180,720,120,840,0.0,-0.0,36,78.5,67.3
272,582.0,144.0,180,720,120,840,0.0,0.0,37,80.8,69.3
273,350.0,157.0,180,720,120,840,0.0,0.0,22,48.6,41.7
274,639.0,155.0,180,720,120,840,0.0,0.0,39,88.8,76.1
275,664.0,123.0,180,720,120,840,0.0,0.0,40,92.2,79.0
276,529.0,121.0,180,720,120,840,0.0,0.0,33,73.5,63.0
277,451.0,145.0,180,720,120,840,0.0,0.0,29,62.6,53.7
278,522.0,132.0,180,720,120,840,0.0,0.0,33,72.5,62.1
279,475.0,148.0,180,720,120,840,0.0,0.0,33,66.0,56.5
280,586.0,149.0,180,720,120,840,0.0,0.0,36,81.4,69.8
281,583.0,145.0,180,720,120,840,0.0,0.0,37,81.0,69.4
282,609.0,108.0,180,720,120,840,0.0,0.0,35,84.6,72.5
283,550.0,130.0,180,720,120,840,0.0,0.0,37,76.4,65.5
284,663.0,172.0,180,720,120,840,0.0,-0.0,42,92.1,78.9
285,482.0,129.0,180,720,120,840,0.0,0.0,31,66.9,57.4
286,712.0,179.0,180,720,120,840,0.0,0.0,45,98.9,84.8
287,432.0,177.0,180,720,120,840,0.0,0.0,27,60.0,51.4
288,643.0,129.0,180,720,120,840,0.0,0.0,39,89.3,76.5
289,518.0,112.0,180,720,120,840,0.0,0.0,32,71.9,61.7
290,569.0,178.0,180,720,120,840,0.0,0.0,39,79.0,67.7
291,528.0,133.0,180,720,120,840,0.0,0.0,33,73.3,62.9
292,496.0,113.0,180,720,120,840,0.0,0.0,32,68.9,59.0
293,447.0,121.0,180,720,120,840,0.0,0.0,28,62.1,53.2
294,454.0,127.0,180,720,120,840,0.0,0.0,29,63.1,54.0
295,531.0,88.0,180,720,120,840,0.0,0.0,32,73.8,63.2
296,616.0,137.0,180,720,120,840,0.0,0.0,37,85.6,73.3
297,532.0,137.0,180,720,120,840,0.0,0.0,33,73.9,63.3
298,557.0,149.0,180,720,120,840,0.0,-0.0,37,77.4,66.3
299,622.0,180.0,180,720,120,840,0.0,-0.0,38,86.4,74.0
300,656.0,173.0,180,720,120,840,0.0,-0.0,44,91.1,78.1
301,401.0,178.0,180,720,120,840,0.0,0.0,25,55.7,47.7
302,677.0,139.0,180,720,120,840,0.0,0.0,42,94.0,80.6
303,612.0,138.0,180,720,120,840,0.0,0.0,35,85.0,72.9
304,534.0,127.0,180,720,120,840,0.0,0.0,34,74.2,63.6
305,568.0,120.0,180,720,120,840,0.0,0.0,34,78.9,67.6
306,395.0,133.0,180,720,120,840,0.0,0.0,25,54.9,47.0
307,501.0,144.0,180,720,120,840,0.0,0.0,32,69.6,59.6
308,546.0,142.0,180,720,120,840,0.0,0.0,34,75.8,65.0
309,566.0,115.0,180,720,120,840,0.0,0.0,35,78.6,67.4
310,450.0,139.0,180,720,120,840,0.0,0.0,28,62.5,53.6
311,630.0,130.0,180,720,120,840,0.0,0.0,43,87.5,75.0
312,644.0,175.0,180,720,120,840,0.0,-0.0,41,89.4,76.7
313,517.0,179.0,180,720,120,840,0.0,0.0,33,71.8,61.5
314,573.0,83.0,180,720,120,840,0.0,0.0,36,79.6,68.2
315,325.0,152.0,180,720,120,840,0.0,0.0,21,45.1,38.7
316,611.0,149.0,180,720,120,840,0.0,0.0,37,84.9,72.7
317,613.0,114.0,180,720,120,840,0.0,0.0,37,85.1,73.0
318,495.0,120.0,180,720,120,840,0.0,0.0,30,68.8,58.9
319,462.0,155.0,180,720,120,840,0.0,0.0,30,64.2,55.0
320,564.0,147.0,180,720,120,840,0.0,0.0,34,78.3,67.1
321,509.0,116.0,180,720,120,840,0.0,0.0,35,70.7,60.6
322,584.0,164.0,180,720,120,840,0.0,0.0,36,81.1,69.5
323,504.0,137.0,180,720,120,840,0.0,0.0,32,70.0,60.0
324,554.0,104.0,180,720,120,840,0.0,0.0,33,76.9,66.0
325,555.0,102.0,180,720,120,840,0.0,0.0,36,77.1,66.1
326,654.0,143.0,180,720,120,840,0.0,-0.0,40,90.8,77.9
327,436.0,155.0,180,720,120,840,0.0,0.0,27,60.6,51.9
328,612.0,180.0,180,720,120,840,0.0,0.0,39,85.0,72.9
329,410.0,176.0,180,720,120,840,0.0,0.0,26,56.9,48.8
330,660.0,117.0,180,720,120,840,0.0,0.0,41,91.7,78.6
331,472.0,148.0,180,720,120,840,0.0,0.0,29,65.6,56.2
332,565.0,70.0,180,720,120,840,0.0,0.0,38,78.5,67.3
333,546.0,154.0,180,720,120,840,0.0,0.0,33,75.8,65.0
334,452.0,129.0,180,720,120,840,0.0,0.0,29,62.8,53.8
335,381.0,129.0,180,720,120,840,0.0,0.0,24,52.9,45.4
336,438.0,143.0,180,720,120,840,0.0,0.0,28,60.8,52.1
337,559.0,135.0,180,720,120,840,0.0,0.0,34,77.6,66.5
338,561.0,85.0,180,720,120,840,0.0,0.0,34,77.9,66.8
339,472.0,110.0,180,720,120,840,0.0,0.0,30,65.6,56.2
340,480.0,176.0,180,720,120,840,0.0,-0.0,32,66.7,57.1
341,564.0,157.0,180,720,120,840,0.0,-0.0,35,78.3,67.1
342,639.0,44.0,180,720,120,840,0.0,0.0,42,88.8,76.1
343,426.0,110.0,180,720,120,840,0.0,0.0,26,59.2,50.7
344,553.0,171.0,180,720,120,840,0.0,0.0,35,76.8,65.8
345,530.0,142.0,180,720,120,840,0.0,0.0,31,73.6,63.1
346,460.0,131.0,180,720,120,840,0.0,0.0,30,63.9,54.8
347,511.0,99.0,180,720,120,840,0.0,0.0,31,71.0,60.8
348,348.0,131.0,180,720,120,840,0.0,0.0,21,48.3,41.4
349,383.0,144.0,180,720,120,840,0.0,0.0,25,53.2,45.6
350,490.0,141.0,180,720,120,840,0.0,0.0,30,68.1,58.3
351,504.0,116.0,180,720,120,840,0.0,0.0,31,70.0,60.0
352,448.0,138.0,180,720,120,840,0.0,0.0,28,62.2,53.3
353,494.0,86.0,180,720,120,840,0.0,0.0,33,68.6,58.8
354,556.0,131.0,180,720,120,840,0.0,-0.0,34,77.2,66.2
355,397.0,63.0,180,720,120,840,0.0,0.0,25,55.1,47.3
356,454.0,79.0,180,720,120,840,0.0,-0.0,28,63.1,54.0
357,220.0,58.0,180,720,120,840,0.0,0.0,14,30.6,26.2
358,459.0,123.0,180,720,120,840,0.0,0.0,28,63.8,54.6
359,491.0,118.0,180,720,120,840,0.0,0.0,29,68.2,58.5
360,292.0,160.0,180,720,120,840,0.0,0.0,18,40.6,34.8
361,297.0,108.0,180,720,120,840,0.0,0.0,20,41.2,35.4
362,433.0,124.0,180,720,120,840,0.0,0.0,26,60.1,51.5
363,441.0,127.0,180,720,120,840,0.0,0.0,30,61.2,52.5
364,475.0,108.0,180,720,120,840,0.0,0.0,29,66.0,56.5
365,427.0,118.0,180,720,120,840,0.0,0.0,27,59.3,50.8
366,482.0,120.0,180,720,120,840,0.0,0.0,29,66.9,57.4
367,437.0,120.0,180,720,120,840,0.0,0.0,29,60.7,52.0
368,460.0,101.0,180,720,120,840,0.0,0.0,29,63.9,54.8
369,378.0,45.0,180,720,120,840,0.0,0.0,23,52.5,45.0
370,409.0,61.0,180,720,120,840,0.0,0.0,26,56.8,48.7
371,276.0,67.0,180,720,120,840,0.0,0.0,17,38.3,32.9
372,480.0,128.0,180,720,120,840,0.0,0.0,29,66.7,57.1
373,375.0,96.0,180,720,120,840,0.0,0.0,23,52.1,44.6
374,310.0,89.0,180,720,120,840,0.0,0.0,21,43.1,36.9
375,437.0,109.0,180,720,120,840,0.0,0.0,26,60.7,52.0
376,274.0,140.0,180,720,120,840,0.0,0.0,17,38.1,32.6
377,269.0,87.0,180,720,120,840,0.0,0.0,16,37.4,32.0
378,299.0,89.0,180,720,120,840,0.0,0.0,19,41.5,35.6
379,332.0,99.0,180,720,120,840,0.0,0.0,21,46.1,39.5
380,397.0,81.0,180,720,120,840,0.0,0.0,24,55.1,47.3
381,301.0,85.0,180,720,120,840,0.0,0.0,19,41.8,35.8
382,323.0,107.0,180,720,120,840,0.0,0.0,21,44.9,38.5
383,434.0,16.0,180,720,120,840,0.0,0.0,27,60.3,51.7
384,415.0,107.0,180,720,120,840,0.0,0.0,27,57.6,49.4
385,268.0,149.0,180,720,120,840,0.0,0.0,16,37.2,31.9
386,341.0,92.0,180,720,120,840,0.0,0.0,21,47.4,40.6
387,365.0,89.0,180,720,120,840,0.0,0.0,22,50.7,43.5
388,337.0,0.0,180,720,120,840,0.0,0.0,22,46.8,40.1
389,352.0,96.0,180,720,120,840,0.0,0.0,22,48.9,41.9
390,330.0,149.0,180,720,120,840,0.0,0.0,20,45.8,39.3
391,234.0,76.0,180,720,120,840,0.0,0.0,15,32.5,27.9
392,291.0,83.0,180,720,120,840,0.0,0.0,18,40.4,34.6
393,334.0,52.0,180,720,120,840,0.0,0.0,20,46.4,39.8
394,209.0,77.0,180,720,120,840,0.0,0.0,13,29.0,24.9
395,269.0,89.0,180,720,120,840,0.0,0.0,18,37.4,32.0
396,381.0,66.0,180,720,120,840,0.0,0.0,22,52.9,45.4
397,254.0,5.0,180,720,120,840,0.0,0.0,16,35.3,30.2
398,269.0,112.0,180,720,120,840,0.0,0.0,16,37.4,32.0
399,171.0,67.0,180,720,120,840,0.0,0.0,11,23.8,20.4
400,233.0,0.0,180,720,120,840,0.0,0.0,15,32.4,27.7
401,222.0,106.0,180,720,120,840,0.0,0.0,14,30.8,26.4
402,181.0,55.0,180,720,120,840,0.0,0.0,11,25.1,21.5
403,186.0,79.0,180,720,120,840,0.0,0.0,13,25.8,22.1
404,311.0,0.0,180,720,120,840,0.0,0.0,19,43.2,37.0
405,219.0,65.0,180,720,120,840,0.0,0.0,14,30.4,26.1
406,303.0,71.0,180,720,120,840,0.0,0.0,18,42.1,36.1
407,244.0,65.0,180,720,120,840,0.0,0.0,16,33.9,29.0
408,209.0,52.0,180,720,120,840,0.0,0.0,13,29.0,24.9
409,300.0,101.0,180,720,120,840,0.0,0.0,19,41.7,35.7
410,262.0,44.0,180,720,120,840,0.0,0.0,16,36.4,31.2
411,254.0,117.0,180,720,120,840,0.0,0.0,15,35.3,30.2
412,205.0,28.0,180,720,120,840,0.0,0.0,13,28.5,24.4
413,112.0,57.0,180,720,120,840,0.0,0.0,7,15.6,13.3
414,206.0,46.0,180,720,120,840,0.0,0.0,13,28.6,24.5
415,183.0,39.0,180,720,120,840,0.0,0.0,11,25.4,21.8
416,134.0,0.0,180,720,120,840,0.0,0.0,9,18.6,16.0
417,237.0,111.0,180,720,120,840,0.0,0.0,14,32.9,28.2
418,192.0,35.0,180,720,120,840,0.0,0.0,12,26.7,22.9
419,134.0,48.0,180,720,120,840,0.0,0.0,8,18.6,16.0
420,174.0,32.0,180,720,120,840,0.0,0.0,11,24.2,20.7
421,126.0,29.0,180,720,120,840,0.0,0.0,8,17.5,15.0
422,88.0,25.0,180,720,120,840,0.0,0.0,6,12.2,10.5
423,108.0,13.0,180,720,120,840,0.0,0.0,7,15.0,12.9
424,127.0,61.0,180,720,120,840,0.0,0.0,8,17.6,15.1
425,122.0,36.0,180,720,120,840,0.0,0.0,8,16.9,14.5
426,150.0,20.0,180,720,120,840,0.0,0.0,9,20.8,17.9
427,88.0,38.0,180,720,120,840,0.0,0.0,5,12.2,10.5
428,125.0,33.0,180,720,120,840,0.0,0.0,8,17.4,14.9
429,127.0,21.0,180,720,120,840,0.0,0.0,8,17.6,15.1
430,77.0,35.0,180,720,120,840,0.0,0.0,5,10.7,9.2
431,137.0,37.0,180,720,120,840,0.0,0.0,9,19.0,16.3
432,142.0,39.0,180,720,120,840,0.0,0.0,8,19.7,16.9
433,143.0,38.0,180,720,120,840,0.0,0.0,9,19.9,17.0
434,153.0,24.0,180,720,120,840,0.0,0.0,9,21.2,18.2
435,94.0,22.0,180,720,120,840,0.0,0.0,6,13.1,11.2
436,64.0,23.0,180,720,120,840,0.0,0.0,4,8.9,7.6
437,87.0,12.0,180,720,120,840,0.0,0.0,6,12.1,10.4
438,72.0,20.0,180,720,120,840,0.0,0.0,4,10.0,8.6
439,52.0,8.0,180,720,120,840,0.0,0.0,3,7.2,6.2
440,32.0,10.0,180,720,120,840,0.0,0.0,2,4.4,3.8
441,30.0,10.0,180,720,120,840,0.0,0.0,2,4.2,3.6
442,32.0,12.0,180,720,120,840,0.0,0.0,2,4.4,3.8
443,40.0,14.0,180,720,120,840,0.0,0.0,3,5.6,4.8
444,46.0,17.0,180,720,120,840,0.0,0.0,3,6.4,5.5
445,57.0,15.0,180,720,120,840,0.0,0.0,4,7.9,6.8
446,44.0,19.0,180,720,120,840,0.0,0.0,3,6.1,5.2
447,70.0,0.0,180,720,120,840,0.0,0.0,4,9.7,8.3
448,95.0,27.0,180,720,120,840,0.0,0.0,6,13.2,11.3
449,16.0,18.0,180,720,120,840,0.0,0.0,1,2.2,1.9
450,50.0,0.0,180,720,120,840,0.0,0.0,3,6.9,6.0
